iteration,threshold_high,f1_macro,added,spam_added,notspam_added,remaining
1,0.94,0.875301,1500,750,750,287114
2,0.93,0.87722,3000,1500,1500,284114
3,0.92,0.879438,4500,2250,2250,279614
4,0.91,0.878368,6000,3000,3000,273614
5,0.9,0.878903,7500,3750,3750,266114
6,0.89,0.881552,9000,4500,4500,257114
7,0.88,0.87984,10500,5250,5250,246614
8,0.87,0.880529,12000,6000,6000,234614
9,0.86,0.877326,13500,6750,6750,221114
10,0.85,0.880254,15000,7500,7500,206114
